Date,Location,Time of Day,Day of Week,Number of Crimes
1/1/19,77th Street,0,Weekday,0
1/1/19,77th Street,600,Weekday,2
1/1/19,77th Street,1200,Weekday,2
1/1/19,77th Street,1800,Weekday,6
1/1/19,Devonshire,0,Weekday,1
1/1/19,Devonshire,600,Weekday,0
1/1/19,Devonshire,1200,Weekday,2
1/1/19,Devonshire,1800,Weekday,4
1/1/19,Hollywood,0,Weekday,3
1/1/19,Hollywood,600,Weekday,0
1/1/19,Hollywood,1200,Weekday,2
1/1/19,Hollywood,1800,Weekday,2
1/1/19,N Hollywood,0,Weekday,0
1/1/19,N Hollywood,600,Weekday,0
1/1/19,N Hollywood,1200,Weekday,1
1/1/19,N Hollywood,1800,Weekday,0
1/1/19,Pacific,0,Weekday,2
1/1/19,Pacific,600,Weekday,1
1/1/19,Pacific,1200,Weekday,0
1/1/19,Pacific,1800,Weekday,2
1/1/19,Southwest,0,Weekday,2
1/1/19,Southwest,600,Weekday,1
1/1/19,Southwest,1200,Weekday,2
1/1/19,Southwest,1800,Weekday,3
1/1/19,West LA,0,Weekday,0
1/1/19,West LA,600,Weekday,0
1/1/19,West LA,1200,Weekday,1
1/1/19,West LA,1800,Weekday,0
1/2/19,77th Street,0,Weekday,0
1/2/19,77th Street,600,Weekday,0
1/2/19,77th Street,1200,Weekday,1
1/2/19,77th Street,1800,Weekday,4
1/2/19,Devonshire,0,Weekday,0
1/2/19,Devonshire,600,Weekday,2
1/2/19,Devonshire,1200,Weekday,1
1/2/19,Devonshire,1800,Weekday,2
1/2/19,Hollywood,0,Weekday,0
1/2/19,Hollywood,600,Weekday,0
1/2/19,Hollywood,1200,Weekday,2
1/2/19,Hollywood,1800,Weekday,4
1/2/19,N Hollywood,0,Weekday,0
1/2/19,N Hollywood,600,Weekday,2
1/2/19,N Hollywood,1200,Weekday,0
1/2/19,N Hollywood,1800,Weekday,6
1/2/19,Pacific,0,Weekday,0
1/2/19,Pacific,600,Weekday,0
1/2/19,Pacific,1200,Weekday,2
1/2/19,Pacific,1800,Weekday,3
1/2/19,Southwest,0,Weekday,1
1/2/19,Southwest,600,Weekday,1
1/2/19,Southwest,1200,Weekday,2
1/2/19,Southwest,1800,Weekday,3
1/2/19,West LA,0,Weekday,0
1/2/19,West LA,600,Weekday,3
1/2/19,West LA,1200,Weekday,0
1/2/19,West LA,1800,Weekday,2
1/3/19,77th Street,0,Weekday,1
1/3/19,77th Street,600,Weekday,1
1/3/19,77th Street,1200,Weekday,0
1/3/19,77th Street,1800,Weekday,2
1/3/19,Devonshire,0,Weekday,0
1/3/19,Devonshire,600,Weekday,0
1/3/19,Devonshire,1200,Weekday,1
1/3/19,Devonshire,1800,Weekday,0
1/3/19,Hollywood,0,Weekday,3
1/3/19,Hollywood,600,Weekday,0
1/3/19,Hollywood,1200,Weekday,2
1/3/19,Hollywood,1800,Weekday,5
1/3/19,N Hollywood,0,Weekday,1
1/3/19,N Hollywood,600,Weekday,2
1/3/19,N Hollywood,1200,Weekday,2
1/3/19,N Hollywood,1800,Weekday,7
1/3/19,Pacific,0,Weekday,0
1/3/19,Pacific,600,Weekday,1
1/3/19,Pacific,1200,Weekday,1
1/3/19,Pacific,1800,Weekday,3
1/3/19,Southwest,0,Weekday,2
1/3/19,Southwest,600,Weekday,0
1/3/19,Southwest,1200,Weekday,3
1/3/19,Southwest,1800,Weekday,6
1/3/19,West LA,0,Weekday,0
1/3/19,West LA,600,Weekday,1
1/3/19,West LA,1200,Weekday,1
1/3/19,West LA,1800,Weekday,1
1/4/19,77th Street,0,Weekday,2
1/4/19,77th Street,600,Weekday,1
1/4/19,77th Street,1200,Weekday,2
1/4/19,77th Street,1800,Weekday,1
1/4/19,Devonshire,0,Weekday,0
1/4/19,Devonshire,600,Weekday,0
1/4/19,Devonshire,1200,Weekday,0
1/4/19,Devonshire,1800,Weekday,3
1/4/19,Hollywood,0,Weekday,1
1/4/19,Hollywood,600,Weekday,1
1/4/19,Hollywood,1200,Weekday,2
1/4/19,Hollywood,1800,Weekday,0
1/4/19,N Hollywood,0,Weekday,0
1/4/19,N Hollywood,600,Weekday,0
1/4/19,N Hollywood,1200,Weekday,3
1/4/19,N Hollywood,1800,Weekday,7
1/4/19,Pacific,0,Weekday,0
1/4/19,Pacific,600,Weekday,0
1/4/19,Pacific,1200,Weekday,0
1/4/19,Pacific,1800,Weekday,3
1/4/19,Southwest,0,Weekday,2
1/4/19,Southwest,600,Weekday,1
1/4/19,Southwest,1200,Weekday,2
1/4/19,Southwest,1800,Weekday,2
1/4/19,West LA,0,Weekday,0
1/4/19,West LA,600,Weekday,0
1/4/19,West LA,1200,Weekday,0
1/4/19,West LA,1800,Weekday,1
1/5/19,77th Street,0,Weekend,1
1/5/19,77th Street,600,Weekend,3
1/5/19,77th Street,1200,Weekend,2
1/5/19,77th Street,1800,Weekend,2
1/5/19,Devonshire,0,Weekend,3
1/5/19,Devonshire,600,Weekend,1
1/5/19,Devonshire,1200,Weekend,2
1/5/19,Devonshire,1800,Weekend,5
1/5/19,Hollywood,0,Weekend,0
1/5/19,Hollywood,600,Weekend,0
1/5/19,Hollywood,1200,Weekend,4
1/5/19,Hollywood,1800,Weekend,1
1/5/19,N Hollywood,0,Weekend,0
1/5/19,N Hollywood,600,Weekend,2
1/5/19,N Hollywood,1200,Weekend,4
1/5/19,N Hollywood,1800,Weekend,5
1/5/19,Pacific,0,Weekend,0
1/5/19,Pacific,600,Weekend,3
1/5/19,Pacific,1200,Weekend,3
1/5/19,Pacific,1800,Weekend,3
1/5/19,Southwest,0,Weekend,2
1/5/19,Southwest,600,Weekend,1
1/5/19,Southwest,1200,Weekend,2
1/5/19,Southwest,1800,Weekend,7
1/5/19,West LA,0,Weekend,0
1/5/19,West LA,600,Weekend,0
1/5/19,West LA,1200,Weekend,1
1/5/19,West LA,1800,Weekend,0
1/6/19,77th Street,0,Weekend,2
1/6/19,77th Street,600,Weekend,0
1/6/19,77th Street,1200,Weekend,2
1/6/19,77th Street,1800,Weekend,5
1/6/19,Devonshire,0,Weekend,1
1/6/19,Devonshire,600,Weekend,1
1/6/19,Devonshire,1200,Weekend,1
1/6/19,Devonshire,1800,Weekend,2
1/6/19,Hollywood,0,Weekend,3
1/6/19,Hollywood,600,Weekend,0
1/6/19,Hollywood,1200,Weekend,2
1/6/19,Hollywood,1800,Weekend,0
1/6/19,N Hollywood,0,Weekend,2
1/6/19,N Hollywood,600,Weekend,1
1/6/19,N Hollywood,1200,Weekend,2
1/6/19,N Hollywood,1800,Weekend,3
1/6/19,Pacific,0,Weekend,2
1/6/19,Pacific,600,Weekend,2
1/6/19,Pacific,1200,Weekend,3
1/6/19,Pacific,1800,Weekend,0
1/6/19,Southwest,0,Weekend,1
1/6/19,Southwest,600,Weekend,2
1/6/19,Southwest,1200,Weekend,0
1/6/19,Southwest,1800,Weekend,4
1/6/19,West LA,0,Weekend,0
1/6/19,West LA,600,Weekend,0
1/6/19,West LA,1200,Weekend,0
1/6/19,West LA,1800,Weekend,1
1/7/19,77th Street,0,Weekday,1
1/7/19,77th Street,600,Weekday,2
1/7/19,77th Street,1200,Weekday,1
1/7/19,77th Street,1800,Weekday,2
1/7/19,Devonshire,0,Weekday,0
1/7/19,Devonshire,600,Weekday,0
1/7/19,Devonshire,1200,Weekday,0
1/7/19,Devonshire,1800,Weekday,5
1/7/19,Hollywood,0,Weekday,0
1/7/19,Hollywood,600,Weekday,1
1/7/19,Hollywood,1200,Weekday,0
1/7/19,Hollywood,1800,Weekday,3
1/7/19,N Hollywood,0,Weekday,0
1/7/19,N Hollywood,600,Weekday,2
1/7/19,N Hollywood,1200,Weekday,3
1/7/19,N Hollywood,1800,Weekday,5
1/7/19,Pacific,0,Weekday,0
1/7/19,Pacific,600,Weekday,2
1/7/19,Pacific,1200,Weekday,1
1/7/19,Pacific,1800,Weekday,4
1/7/19,Southwest,0,Weekday,0
1/7/19,Southwest,600,Weekday,1
1/7/19,Southwest,1200,Weekday,1
1/7/19,Southwest,1800,Weekday,9
1/7/19,West LA,0,Weekday,1
1/7/19,West LA,600,Weekday,2
1/7/19,West LA,1200,Weekday,0
1/7/19,West LA,1800,Weekday,3
1/8/19,77th Street,0,Weekday,0
1/8/19,77th Street,600,Weekday,0
1/8/19,77th Street,1200,Weekday,0
1/8/19,77th Street,1800,Weekday,4
1/8/19,Devonshire,0,Weekday,1
1/8/19,Devonshire,600,Weekday,1
1/8/19,Devonshire,1200,Weekday,2
1/8/19,Devonshire,1800,Weekday,2
1/8/19,Hollywood,0,Weekday,0
1/8/19,Hollywood,600,Weekday,1
1/8/19,Hollywood,1200,Weekday,0
1/8/19,Hollywood,1800,Weekday,0
1/8/19,N Hollywood,0,Weekday,1
1/8/19,N Hollywood,600,Weekday,3
1/8/19,N Hollywood,1200,Weekday,5
1/8/19,N Hollywood,1800,Weekday,5
1/8/19,Pacific,0,Weekday,0
1/8/19,Pacific,600,Weekday,0
1/8/19,Pacific,1200,Weekday,3
1/8/19,Pacific,1800,Weekday,2
1/8/19,Southwest,0,Weekday,1
1/8/19,Southwest,600,Weekday,0
1/8/19,Southwest,1200,Weekday,3
1/8/19,Southwest,1800,Weekday,0
1/8/19,West LA,0,Weekday,2
1/8/19,West LA,600,Weekday,0
1/8/19,West LA,1200,Weekday,1
1/8/19,West LA,1800,Weekday,1
1/9/19,77th Street,0,Weekday,1
1/9/19,77th Street,600,Weekday,1
1/9/19,77th Street,1200,Weekday,0
1/9/19,77th Street,1800,Weekday,2
1/9/19,Devonshire,0,Weekday,2
1/9/19,Devonshire,600,Weekday,2
1/9/19,Devonshire,1200,Weekday,0
1/9/19,Devonshire,1800,Weekday,2
1/9/19,Hollywood,0,Weekday,1
1/9/19,Hollywood,600,Weekday,0
1/9/19,Hollywood,1200,Weekday,3
1/9/19,Hollywood,1800,Weekday,2
1/9/19,N Hollywood,0,Weekday,0
1/9/19,N Hollywood,600,Weekday,0
1/9/19,N Hollywood,1200,Weekday,2
1/9/19,N Hollywood,1800,Weekday,4
1/9/19,Pacific,0,Weekday,1
1/9/19,Pacific,600,Weekday,0
1/9/19,Pacific,1200,Weekday,2
1/9/19,Pacific,1800,Weekday,3
1/9/19,Southwest,0,Weekday,1
1/9/19,Southwest,600,Weekday,3
1/9/19,Southwest,1200,Weekday,1
1/9/19,Southwest,1800,Weekday,0
1/9/19,West LA,0,Weekday,1
1/9/19,West LA,600,Weekday,1
1/9/19,West LA,1200,Weekday,1
1/9/19,West LA,1800,Weekday,1
1/10/19,77th Street,0,Weekday,0
1/10/19,77th Street,600,Weekday,1
1/10/19,77th Street,1200,Weekday,1
1/10/19,77th Street,1800,Weekday,2
1/10/19,Devonshire,0,Weekday,0
1/10/19,Devonshire,600,Weekday,0
1/10/19,Devonshire,1200,Weekday,3
1/10/19,Devonshire,1800,Weekday,0
1/10/19,Hollywood,0,Weekday,1
1/10/19,Hollywood,600,Weekday,0
1/10/19,Hollywood,1200,Weekday,0
1/10/19,Hollywood,1800,Weekday,1
1/10/19,N Hollywood,0,Weekday,1
1/10/19,N Hollywood,600,Weekday,0
1/10/19,N Hollywood,1200,Weekday,4
1/10/19,N Hollywood,1800,Weekday,7
1/10/19,Pacific,0,Weekday,1
1/10/19,Pacific,600,Weekday,0
1/10/19,Pacific,1200,Weekday,1
1/10/19,Pacific,1800,Weekday,0
1/10/19,Southwest,0,Weekday,0
1/10/19,Southwest,600,Weekday,1
1/10/19,Southwest,1200,Weekday,1
1/10/19,Southwest,1800,Weekday,7
1/10/19,West LA,0,Weekday,0
1/10/19,West LA,600,Weekday,1
1/10/19,West LA,1200,Weekday,1
1/10/19,West LA,1800,Weekday,0
1/11/19,77th Street,0,Weekday,1
1/11/19,77th Street,600,Weekday,0
1/11/19,77th Street,1200,Weekday,3
1/11/19,77th Street,1800,Weekday,2
1/11/19,Devonshire,0,Weekday,1
1/11/19,Devonshire,600,Weekday,0
1/11/19,Devonshire,1200,Weekday,1
1/11/19,Devonshire,1800,Weekday,2
1/11/19,Hollywood,0,Weekday,0
1/11/19,Hollywood,600,Weekday,0
1/11/19,Hollywood,1200,Weekday,0
1/11/19,Hollywood,1800,Weekday,3
1/11/19,N Hollywood,0,Weekday,0
1/11/19,N Hollywood,600,Weekday,1
1/11/19,N Hollywood,1200,Weekday,2
1/11/19,N Hollywood,1800,Weekday,2
1/11/19,Pacific,0,Weekday,0
1/11/19,Pacific,600,Weekday,1
1/11/19,Pacific,1200,Weekday,0
1/11/19,Pacific,1800,Weekday,1
1/11/19,Southwest,0,Weekday,0
1/11/19,Southwest,600,Weekday,2
1/11/19,Southwest,1200,Weekday,2
1/11/19,Southwest,1800,Weekday,4
1/11/19,West LA,0,Weekday,0
1/11/19,West LA,600,Weekday,1
1/11/19,West LA,1200,Weekday,4
1/11/19,West LA,1800,Weekday,4
1/12/19,77th Street,0,Weekend,1
1/12/19,77th Street,600,Weekend,3
1/12/19,77th Street,1200,Weekend,2
1/12/19,77th Street,1800,Weekend,3
1/12/19,Devonshire,0,Weekend,1
1/12/19,Devonshire,600,Weekend,0
1/12/19,Devonshire,1200,Weekend,2
1/12/19,Devonshire,1800,Weekend,1
1/12/19,Hollywood,0,Weekend,0
1/12/19,Hollywood,600,Weekend,0
1/12/19,Hollywood,1200,Weekend,3
1/12/19,Hollywood,1800,Weekend,4
1/12/19,N Hollywood,0,Weekend,2
1/12/19,N Hollywood,600,Weekend,0
1/12/19,N Hollywood,1200,Weekend,1
1/12/19,N Hollywood,1800,Weekend,5
1/12/19,Pacific,0,Weekend,0
1/12/19,Pacific,600,Weekend,0
1/12/19,Pacific,1200,Weekend,2
1/12/19,Pacific,1800,Weekend,4
1/12/19,Southwest,0,Weekend,1
1/12/19,Southwest,600,Weekend,2
1/12/19,Southwest,1200,Weekend,5
1/12/19,Southwest,1800,Weekend,2
1/12/19,West LA,0,Weekend,0
1/12/19,West LA,600,Weekend,1
1/12/19,West LA,1200,Weekend,3
1/12/19,West LA,1800,Weekend,2
1/13/19,77th Street,0,Weekend,2
1/13/19,77th Street,600,Weekend,0
1/13/19,77th Street,1200,Weekend,3
1/13/19,77th Street,1800,Weekend,0
1/13/19,Devonshire,0,Weekend,0
1/13/19,Devonshire,600,Weekend,1
1/13/19,Devonshire,1200,Weekend,3
1/13/19,Devonshire,1800,Weekend,3
1/13/19,Hollywood,0,Weekend,1
1/13/19,Hollywood,600,Weekend,0
1/13/19,Hollywood,1200,Weekend,1
1/13/19,Hollywood,1800,Weekend,2
1/13/19,N Hollywood,0,Weekend,1
1/13/19,N Hollywood,600,Weekend,0
1/13/19,N Hollywood,1200,Weekend,1
1/13/19,N Hollywood,1800,Weekend,3
1/13/19,Pacific,0,Weekend,0
1/13/19,Pacific,600,Weekend,0
1/13/19,Pacific,1200,Weekend,3
1/13/19,Pacific,1800,Weekend,0
1/13/19,Southwest,0,Weekend,2
1/13/19,Southwest,600,Weekend,1
1/13/19,Southwest,1200,Weekend,2
1/13/19,Southwest,1800,Weekend,1
1/13/19,West LA,0,Weekend,0
1/13/19,West LA,600,Weekend,1
1/13/19,West LA,1200,Weekend,2
1/13/19,West LA,1800,Weekend,5
1/14/19,77th Street,0,Weekday,1
1/14/19,77th Street,600,Weekday,3
1/14/19,77th Street,1200,Weekday,0
1/14/19,77th Street,1800,Weekday,2
1/14/19,Devonshire,0,Weekday,0
1/14/19,Devonshire,600,Weekday,1
1/14/19,Devonshire,1200,Weekday,2
1/14/19,Devonshire,1800,Weekday,2
1/14/19,Hollywood,0,Weekday,0
1/14/19,Hollywood,600,Weekday,0
1/14/19,Hollywood,1200,Weekday,0
1/14/19,Hollywood,1800,Weekday,1
1/14/19,N Hollywood,0,Weekday,2
1/14/19,N Hollywood,600,Weekday,3
1/14/19,N Hollywood,1200,Weekday,1
1/14/19,N Hollywood,1800,Weekday,2
1/14/19,Pacific,0,Weekday,0
1/14/19,Pacific,600,Weekday,0
1/14/19,Pacific,1200,Weekday,1
1/14/19,Pacific,1800,Weekday,2
1/14/19,Southwest,0,Weekday,1
1/14/19,Southwest,600,Weekday,2
1/14/19,Southwest,1200,Weekday,0
1/14/19,Southwest,1800,Weekday,2
1/14/19,West LA,0,Weekday,2
1/14/19,West LA,600,Weekday,0
1/14/19,West LA,1200,Weekday,1
1/14/19,West LA,1800,Weekday,2
1/15/19,77th Street,0,Weekday,1
1/15/19,77th Street,600,Weekday,0
1/15/19,77th Street,1200,Weekday,3
1/15/19,77th Street,1800,Weekday,0
1/15/19,Devonshire,0,Weekday,0
1/15/19,Devonshire,600,Weekday,1
1/15/19,Devonshire,1200,Weekday,3
1/15/19,Devonshire,1800,Weekday,0
1/15/19,Hollywood,0,Weekday,0
1/15/19,Hollywood,600,Weekday,2
1/15/19,Hollywood,1200,Weekday,1
1/15/19,Hollywood,1800,Weekday,6
1/15/19,N Hollywood,0,Weekday,0
1/15/19,N Hollywood,600,Weekday,0
1/15/19,N Hollywood,1200,Weekday,0
1/15/19,N Hollywood,1800,Weekday,7
1/15/19,Pacific,0,Weekday,1
1/15/19,Pacific,600,Weekday,1
1/15/19,Pacific,1200,Weekday,5
1/15/19,Pacific,1800,Weekday,6
1/15/19,Southwest,0,Weekday,1
1/15/19,Southwest,600,Weekday,1
1/15/19,Southwest,1200,Weekday,1
1/15/19,Southwest,1800,Weekday,5
1/15/19,West LA,0,Weekday,0
1/15/19,West LA,600,Weekday,0
1/15/19,West LA,1200,Weekday,4
1/15/19,West LA,1800,Weekday,2
1/16/19,77th Street,0,Weekday,1
1/16/19,77th Street,600,Weekday,1
1/16/19,77th Street,1200,Weekday,3
1/16/19,77th Street,1800,Weekday,5
1/16/19,Devonshire,0,Weekday,0
1/16/19,Devonshire,600,Weekday,1
1/16/19,Devonshire,1200,Weekday,1
1/16/19,Devonshire,1800,Weekday,2
1/16/19,Hollywood,0,Weekday,1
1/16/19,Hollywood,600,Weekday,1
1/16/19,Hollywood,1200,Weekday,2
1/16/19,Hollywood,1800,Weekday,5
1/16/19,N Hollywood,0,Weekday,3
1/16/19,N Hollywood,600,Weekday,0
1/16/19,N Hollywood,1200,Weekday,3
1/16/19,N Hollywood,1800,Weekday,4
1/16/19,Pacific,0,Weekday,1
1/16/19,Pacific,600,Weekday,3
1/16/19,Pacific,1200,Weekday,0
1/16/19,Pacific,1800,Weekday,3
1/16/19,Southwest,0,Weekday,1
1/16/19,Southwest,600,Weekday,0
1/16/19,Southwest,1200,Weekday,3
1/16/19,Southwest,1800,Weekday,10
1/16/19,West LA,0,Weekday,0
1/16/19,West LA,600,Weekday,3
1/16/19,West LA,1200,Weekday,2
1/16/19,West LA,1800,Weekday,1
1/17/19,77th Street,0,Weekday,0
1/17/19,77th Street,600,Weekday,1
1/17/19,77th Street,1200,Weekday,1
1/17/19,77th Street,1800,Weekday,1
1/17/19,Devonshire,0,Weekday,0
1/17/19,Devonshire,600,Weekday,1
1/17/19,Devonshire,1200,Weekday,1
1/17/19,Devonshire,1800,Weekday,2
1/17/19,Hollywood,0,Weekday,0
1/17/19,Hollywood,600,Weekday,0
1/17/19,Hollywood,1200,Weekday,0
1/17/19,Hollywood,1800,Weekday,0
1/17/19,N Hollywood,0,Weekday,0
1/17/19,N Hollywood,600,Weekday,0
1/17/19,N Hollywood,1200,Weekday,2
1/17/19,N Hollywood,1800,Weekday,5
1/17/19,Pacific,0,Weekday,0
1/17/19,Pacific,600,Weekday,1
1/17/19,Pacific,1200,Weekday,3
1/17/19,Pacific,1800,Weekday,2
1/17/19,Southwest,0,Weekday,3
1/17/19,Southwest,600,Weekday,0
1/17/19,Southwest,1200,Weekday,4
1/17/19,Southwest,1800,Weekday,1
1/17/19,West LA,0,Weekday,1
1/17/19,West LA,600,Weekday,0
1/17/19,West LA,1200,Weekday,3
1/17/19,West LA,1800,Weekday,0
1/18/19,77th Street,0,Weekday,0
1/18/19,77th Street,600,Weekday,2
1/18/19,77th Street,1200,Weekday,1
1/18/19,77th Street,1800,Weekday,2
1/18/19,Devonshire,0,Weekday,0
1/18/19,Devonshire,600,Weekday,1
1/18/19,Devonshire,1200,Weekday,1
1/18/19,Devonshire,1800,Weekday,7
1/18/19,Hollywood,0,Weekday,1
1/18/19,Hollywood,600,Weekday,0
1/18/19,Hollywood,1200,Weekday,0
1/18/19,Hollywood,1800,Weekday,2
1/18/19,N Hollywood,0,Weekday,0
1/18/19,N Hollywood,600,Weekday,0
1/18/19,N Hollywood,1200,Weekday,2
1/18/19,N Hollywood,1800,Weekday,4
1/18/19,Pacific,0,Weekday,1
1/18/19,Pacific,600,Weekday,2
1/18/19,Pacific,1200,Weekday,2
1/18/19,Pacific,1800,Weekday,3
1/18/19,Southwest,0,Weekday,1
1/18/19,Southwest,600,Weekday,0
1/18/19,Southwest,1200,Weekday,0
1/18/19,Southwest,1800,Weekday,6
1/18/19,West LA,0,Weekday,1
1/18/19,West LA,600,Weekday,1
1/18/19,West LA,1200,Weekday,1
1/18/19,West LA,1800,Weekday,0
1/19/19,77th Street,0,Weekend,1
1/19/19,77th Street,600,Weekend,1
1/19/19,77th Street,1200,Weekend,2
1/19/19,77th Street,1800,Weekend,5
1/19/19,Devonshire,0,Weekend,1
1/19/19,Devonshire,600,Weekend,1
1/19/19,Devonshire,1200,Weekend,1
1/19/19,Devonshire,1800,Weekend,6
1/19/19,Hollywood,0,Weekend,1
1/19/19,Hollywood,600,Weekend,2
1/19/19,Hollywood,1200,Weekend,1
1/19/19,Hollywood,1800,Weekend,3
1/19/19,N Hollywood,0,Weekend,0
1/19/19,N Hollywood,600,Weekend,2
1/19/19,N Hollywood,1200,Weekend,2
1/19/19,N Hollywood,1800,Weekend,2
1/19/19,Pacific,0,Weekend,0
1/19/19,Pacific,600,Weekend,2
1/19/19,Pacific,1200,Weekend,7
1/19/19,Pacific,1800,Weekend,2
1/19/19,Southwest,0,Weekend,2
1/19/19,Southwest,600,Weekend,1
1/19/19,Southwest,1200,Weekend,1
1/19/19,Southwest,1800,Weekend,4
1/19/19,West LA,0,Weekend,1
1/19/19,West LA,600,Weekend,0
1/19/19,West LA,1200,Weekend,2
1/19/19,West LA,1800,Weekend,4
1/20/19,77th Street,0,Weekend,3
1/20/19,77th Street,600,Weekend,0
1/20/19,77th Street,1200,Weekend,1
1/20/19,77th Street,1800,Weekend,3
1/20/19,Devonshire,0,Weekend,0
1/20/19,Devonshire,600,Weekend,0
1/20/19,Devonshire,1200,Weekend,4
1/20/19,Devonshire,1800,Weekend,4
1/20/19,Hollywood,0,Weekend,3
1/20/19,Hollywood,600,Weekend,4
1/20/19,Hollywood,1200,Weekend,1
1/20/19,Hollywood,1800,Weekend,4
1/20/19,N Hollywood,0,Weekend,1
1/20/19,N Hollywood,600,Weekend,1
1/20/19,N Hollywood,1200,Weekend,0
1/20/19,N Hollywood,1800,Weekend,5
1/20/19,Pacific,0,Weekend,1
1/20/19,Pacific,600,Weekend,1
1/20/19,Pacific,1200,Weekend,1
1/20/19,Pacific,1800,Weekend,3
1/20/19,Southwest,0,Weekend,1
1/20/19,Southwest,600,Weekend,3
1/20/19,Southwest,1200,Weekend,1
1/20/19,Southwest,1800,Weekend,0
1/20/19,West LA,0,Weekend,0
1/20/19,West LA,600,Weekend,2
1/20/19,West LA,1200,Weekend,2
1/20/19,West LA,1800,Weekend,1
1/21/19,77th Street,0,Weekday,0
1/21/19,77th Street,600,Weekday,0
1/21/19,77th Street,1200,Weekday,0
1/21/19,77th Street,1800,Weekday,1
1/21/19,Devonshire,0,Weekday,3
1/21/19,Devonshire,600,Weekday,0
1/21/19,Devonshire,1200,Weekday,1
1/21/19,Devonshire,1800,Weekday,1
1/21/19,Hollywood,0,Weekday,0
1/21/19,Hollywood,600,Weekday,1
1/21/19,Hollywood,1200,Weekday,0
1/21/19,Hollywood,1800,Weekday,3
1/21/19,N Hollywood,0,Weekday,3
1/21/19,N Hollywood,600,Weekday,0
1/21/19,N Hollywood,1200,Weekday,3
1/21/19,N Hollywood,1800,Weekday,4
1/21/19,Pacific,0,Weekday,1
1/21/19,Pacific,600,Weekday,3
1/21/19,Pacific,1200,Weekday,2
1/21/19,Pacific,1800,Weekday,4
1/21/19,Southwest,0,Weekday,0
1/21/19,Southwest,600,Weekday,1
1/21/19,Southwest,1200,Weekday,4
1/21/19,Southwest,1800,Weekday,4
1/21/19,West LA,0,Weekday,0
1/21/19,West LA,600,Weekday,0
1/21/19,West LA,1200,Weekday,0
1/21/19,West LA,1800,Weekday,1
1/22/19,77th Street,0,Weekday,2
1/22/19,77th Street,600,Weekday,1
1/22/19,77th Street,1200,Weekday,0
1/22/19,77th Street,1800,Weekday,1
1/22/19,Devonshire,0,Weekday,0
1/22/19,Devonshire,600,Weekday,0
1/22/19,Devonshire,1200,Weekday,0
1/22/19,Devonshire,1800,Weekday,2
1/22/19,Hollywood,0,Weekday,2
1/22/19,Hollywood,600,Weekday,0
1/22/19,Hollywood,1200,Weekday,1
1/22/19,Hollywood,1800,Weekday,3
1/22/19,N Hollywood,0,Weekday,0
1/22/19,N Hollywood,600,Weekday,0
1/22/19,N Hollywood,1200,Weekday,2
1/22/19,N Hollywood,1800,Weekday,1
1/22/19,Pacific,0,Weekday,2
1/22/19,Pacific,600,Weekday,1
1/22/19,Pacific,1200,Weekday,1
1/22/19,Pacific,1800,Weekday,2
1/22/19,Southwest,0,Weekday,0
1/22/19,Southwest,600,Weekday,1
1/22/19,Southwest,1200,Weekday,0
1/22/19,Southwest,1800,Weekday,5
1/22/19,West LA,0,Weekday,1
1/22/19,West LA,600,Weekday,0
1/22/19,West LA,1200,Weekday,0
1/22/19,West LA,1800,Weekday,3
1/23/19,77th Street,0,Weekday,1
1/23/19,77th Street,600,Weekday,2
1/23/19,77th Street,1200,Weekday,0
1/23/19,77th Street,1800,Weekday,1
1/23/19,Devonshire,0,Weekday,1
1/23/19,Devonshire,600,Weekday,0
1/23/19,Devonshire,1200,Weekday,2
1/23/19,Devonshire,1800,Weekday,5
1/23/19,Hollywood,0,Weekday,0
1/23/19,Hollywood,600,Weekday,1
1/23/19,Hollywood,1200,Weekday,1
1/23/19,Hollywood,1800,Weekday,5
1/23/19,N Hollywood,0,Weekday,1
1/23/19,N Hollywood,600,Weekday,2
1/23/19,N Hollywood,1200,Weekday,3
1/23/19,N Hollywood,1800,Weekday,3
1/23/19,Pacific,0,Weekday,0
1/23/19,Pacific,600,Weekday,0
1/23/19,Pacific,1200,Weekday,2
1/23/19,Pacific,1800,Weekday,2
1/23/19,Southwest,0,Weekday,5
1/23/19,Southwest,600,Weekday,1
1/23/19,Southwest,1200,Weekday,1
1/23/19,Southwest,1800,Weekday,6
1/23/19,West LA,0,Weekday,0
1/23/19,West LA,600,Weekday,0
1/23/19,West LA,1200,Weekday,0
1/23/19,West LA,1800,Weekday,0
1/24/19,77th Street,0,Weekday,0
1/24/19,77th Street,600,Weekday,2
1/24/19,77th Street,1200,Weekday,1
1/24/19,77th Street,1800,Weekday,5
1/24/19,Devonshire,0,Weekday,1
1/24/19,Devonshire,600,Weekday,1
1/24/19,Devonshire,1200,Weekday,1
1/24/19,Devonshire,1800,Weekday,1
1/24/19,Hollywood,0,Weekday,0
1/24/19,Hollywood,600,Weekday,0
1/24/19,Hollywood,1200,Weekday,1
1/24/19,Hollywood,1800,Weekday,4
1/24/19,N Hollywood,0,Weekday,2
1/24/19,N Hollywood,600,Weekday,1
1/24/19,N Hollywood,1200,Weekday,3
1/24/19,N Hollywood,1800,Weekday,3
1/24/19,Pacific,0,Weekday,0
1/24/19,Pacific,600,Weekday,0
1/24/19,Pacific,1200,Weekday,0
1/24/19,Pacific,1800,Weekday,1
1/24/19,Southwest,0,Weekday,0
1/24/19,Southwest,600,Weekday,2
1/24/19,Southwest,1200,Weekday,2
1/24/19,Southwest,1800,Weekday,3
1/24/19,West LA,0,Weekday,1
1/24/19,West LA,600,Weekday,2
1/24/19,West LA,1200,Weekday,0
1/24/19,West LA,1800,Weekday,6
1/25/19,77th Street,0,Weekday,0
1/25/19,77th Street,600,Weekday,1
1/25/19,77th Street,1200,Weekday,1
1/25/19,77th Street,1800,Weekday,2
1/25/19,Devonshire,0,Weekday,2
1/25/19,Devonshire,600,Weekday,1
1/25/19,Devonshire,1200,Weekday,3
1/25/19,Devonshire,1800,Weekday,0
1/25/19,Hollywood,0,Weekday,0
1/25/19,Hollywood,600,Weekday,1
1/25/19,Hollywood,1200,Weekday,1
1/25/19,Hollywood,1800,Weekday,0
1/25/19,N Hollywood,0,Weekday,0
1/25/19,N Hollywood,600,Weekday,1
1/25/19,N Hollywood,1200,Weekday,3
1/25/19,N Hollywood,1800,Weekday,3
1/25/19,Pacific,0,Weekday,0
1/25/19,Pacific,600,Weekday,0
1/25/19,Pacific,1200,Weekday,2
1/25/19,Pacific,1800,Weekday,1
1/25/19,Southwest,0,Weekday,2
1/25/19,Southwest,600,Weekday,5
1/25/19,Southwest,1200,Weekday,0
1/25/19,Southwest,1800,Weekday,2
1/25/19,West LA,0,Weekday,0
1/25/19,West LA,600,Weekday,2
1/25/19,West LA,1200,Weekday,1
1/25/19,West LA,1800,Weekday,5
1/26/19,77th Street,0,Weekend,1
1/26/19,77th Street,600,Weekend,0
1/26/19,77th Street,1200,Weekend,3
1/26/19,77th Street,1800,Weekend,1
1/26/19,Devonshire,0,Weekend,0
1/26/19,Devonshire,600,Weekend,0
1/26/19,Devonshire,1200,Weekend,2
1/26/19,Devonshire,1800,Weekend,2
1/26/19,Hollywood,0,Weekend,1
1/26/19,Hollywood,600,Weekend,1
1/26/19,Hollywood,1200,Weekend,4
1/26/19,Hollywood,1800,Weekend,3
1/26/19,N Hollywood,0,Weekend,1
1/26/19,N Hollywood,600,Weekend,0
1/26/19,N Hollywood,1200,Weekend,1
1/26/19,N Hollywood,1800,Weekend,1
1/26/19,Pacific,0,Weekend,2
1/26/19,Pacific,600,Weekend,1
1/26/19,Pacific,1200,Weekend,1
1/26/19,Pacific,1800,Weekend,3
1/26/19,Southwest,0,Weekend,1
1/26/19,Southwest,600,Weekend,1
1/26/19,Southwest,1200,Weekend,3
1/26/19,Southwest,1800,Weekend,2
1/26/19,West LA,0,Weekend,2
1/26/19,West LA,600,Weekend,1
1/26/19,West LA,1200,Weekend,2
1/26/19,West LA,1800,Weekend,3
1/27/19,77th Street,0,Weekend,0
1/27/19,77th Street,600,Weekend,1
1/27/19,77th Street,1200,Weekend,1
1/27/19,77th Street,1800,Weekend,2
1/27/19,Devonshire,0,Weekend,2
1/27/19,Devonshire,600,Weekend,0
1/27/19,Devonshire,1200,Weekend,0
1/27/19,Devonshire,1800,Weekend,2
1/27/19,Hollywood,0,Weekend,0
1/27/19,Hollywood,600,Weekend,0
1/27/19,Hollywood,1200,Weekend,2
1/27/19,Hollywood,1800,Weekend,1
1/27/19,N Hollywood,0,Weekend,1
1/27/19,N Hollywood,600,Weekend,1
1/27/19,N Hollywood,1200,Weekend,0
1/27/19,N Hollywood,1800,Weekend,2
1/27/19,Pacific,0,Weekend,0
1/27/19,Pacific,600,Weekend,0
1/27/19,Pacific,1200,Weekend,2
1/27/19,Pacific,1800,Weekend,0
1/27/19,Southwest,0,Weekend,0
1/27/19,Southwest,600,Weekend,0
1/27/19,Southwest,1200,Weekend,3
1/27/19,Southwest,1800,Weekend,4
1/27/19,West LA,0,Weekend,2
1/27/19,West LA,600,Weekend,0
1/27/19,West LA,1200,Weekend,1
1/27/19,West LA,1800,Weekend,1
1/28/19,77th Street,0,Weekday,0
1/28/19,77th Street,600,Weekday,1
1/28/19,77th Street,1200,Weekday,1
1/28/19,77th Street,1800,Weekday,3
1/28/19,Devonshire,0,Weekday,1
1/28/19,Devonshire,600,Weekday,1
1/28/19,Devonshire,1200,Weekday,3
1/28/19,Devonshire,1800,Weekday,3
1/28/19,Hollywood,0,Weekday,0
1/28/19,Hollywood,600,Weekday,0
1/28/19,Hollywood,1200,Weekday,1
1/28/19,Hollywood,1800,Weekday,2
1/28/19,N Hollywood,0,Weekday,1
1/28/19,N Hollywood,600,Weekday,1
1/28/19,N Hollywood,1200,Weekday,2
1/28/19,N Hollywood,1800,Weekday,1
1/28/19,Pacific,0,Weekday,0
1/28/19,Pacific,600,Weekday,2
1/28/19,Pacific,1200,Weekday,1
1/28/19,Pacific,1800,Weekday,3
1/28/19,Southwest,0,Weekday,2
1/28/19,Southwest,600,Weekday,0
1/28/19,Southwest,1200,Weekday,0
1/28/19,Southwest,1800,Weekday,5
1/28/19,West LA,0,Weekday,0
1/28/19,West LA,600,Weekday,0
1/28/19,West LA,1200,Weekday,1
1/28/19,West LA,1800,Weekday,0
1/29/19,77th Street,0,Weekend,1
1/29/19,77th Street,600,Weekday,1
1/29/19,77th Street,1200,Weekday,1
1/29/19,77th Street,1800,Weekday,2
1/29/19,Devonshire,0,Weekday,1
1/29/19,Devonshire,600,Weekday,0
1/29/19,Devonshire,1200,Weekday,3
1/29/19,Devonshire,1800,Weekday,2
1/29/19,Hollywood,0,Weekday,1
1/29/19,Hollywood,600,Weekday,0
1/29/19,Hollywood,1200,Weekday,2
1/29/19,Hollywood,1800,Weekday,8
1/29/19,N Hollywood,0,Weekday,0
1/29/19,N Hollywood,600,Weekday,0
1/29/19,N Hollywood,1200,Weekday,1
1/29/19,N Hollywood,1800,Weekday,0
1/29/19,Pacific,0,Weekday,0
1/29/19,Pacific,600,Weekday,5
1/29/19,Pacific,1200,Weekday,1
1/29/19,Pacific,1800,Weekday,2
1/29/19,Southwest,0,Weekday,1
1/29/19,Southwest,600,Weekday,2
1/29/19,Southwest,1200,Weekday,3
1/29/19,Southwest,1800,Weekday,1
1/29/19,West LA,0,Weekday,0
1/29/19,West LA,600,Weekday,1
1/29/19,West LA,1200,Weekday,2
1/29/19,West LA,1800,Weekday,6
1/30/19,77th Street,0,Weekday,1
1/30/19,77th Street,600,Weekday,2
1/30/19,77th Street,1200,Weekday,0
1/30/19,77th Street,1800,Weekday,1
1/30/19,Devonshire,0,Weekday,0
1/30/19,Devonshire,600,Weekday,1
1/30/19,Devonshire,1200,Weekday,1
1/30/19,Devonshire,1800,Weekday,1
1/30/19,Hollywood,0,Weekday,0
1/30/19,Hollywood,600,Weekday,0
1/30/19,Hollywood,1200,Weekday,0
1/30/19,Hollywood,1800,Weekday,4
1/30/19,N Hollywood,0,Weekday,1
1/30/19,N Hollywood,600,Weekday,1
1/30/19,N Hollywood,1200,Weekday,1
1/30/19,N Hollywood,1800,Weekday,4
1/30/19,Pacific,0,Weekday,0
1/30/19,Pacific,600,Weekday,0
1/30/19,Pacific,1200,Weekday,0
1/30/19,Pacific,1800,Weekday,3
1/30/19,Southwest,0,Weekday,2
1/30/19,Southwest,600,Weekday,1
1/30/19,Southwest,1200,Weekday,1
1/30/19,Southwest,1800,Weekday,6
1/30/19,West LA,0,Weekday,0
1/30/19,West LA,600,Weekday,2
1/30/19,West LA,1200,Weekday,1
1/30/19,West LA,1800,Weekday,0
1/31/19,77th Street,0,Weekday,0
1/31/19,77th Street,600,Weekday,1
1/31/19,77th Street,1200,Weekday,3
1/31/19,77th Street,1800,Weekday,1
1/31/19,Devonshire,0,Weekday,1
1/31/19,Devonshire,600,Weekday,0
1/31/19,Devonshire,1200,Weekday,0
1/31/19,Devonshire,1800,Weekday,0
1/31/19,Hollywood,0,Weekday,1
1/31/19,Hollywood,600,Weekday,2
1/31/19,Hollywood,1200,Weekday,2
1/31/19,Hollywood,1800,Weekday,3
1/31/19,N Hollywood,0,Weekday,0
1/31/19,N Hollywood,600,Weekday,0
1/31/19,N Hollywood,1200,Weekday,1
1/31/19,N Hollywood,1800,Weekday,1
1/31/19,Pacific,0,Weekday,2
1/31/19,Pacific,600,Weekday,0
1/31/19,Pacific,1200,Weekday,1
1/31/19,Pacific,1800,Weekday,1
1/31/19,Southwest,0,Weekday,1
1/31/19,Southwest,600,Weekday,3
1/31/19,Southwest,1200,Weekday,1
1/31/19,Southwest,1800,Weekday,2
1/31/19,West LA,0,Weekday,0
1/31/19,West LA,600,Weekday,0
1/31/19,West LA,1200,Weekday,0
1/31/19,West LA,1800,Weekday,1